Time,Pitch,SetPitch,ControlSignal,Kp,1/Ti,Td,UPRIGHT
0.0,181.26,180.0,-10.86,9.0,0.0,0.0,180.0
0.0,181.26,180.0,-11.18,9.0,0.0,0.0,180.0
0.0,181.28,180.0,-11.62,9.0,0.0,0.0,180.0
0.0,181.25,180.0,-11.18,9.0,0.0,0.0,180.0
0.0,181.3,180.0,-11.74,9.0,0.0,0.0,180.0
0.0,181.25,180.0,-11.24,9.0,0.0,0.0,180.0
0.0,181.09,180.0,-9.98,9.0,0.0,0.0,180.0
0.0,180.65,180.0,-6.45,9.0,0.0,0.0,180.0
0.0,180.46,180.0,-4.5,9.0,0.0,0.0,180.0
0.0,180.59,180.0,-4.81,9.0,0.0,0.0,180.0
0.0,181.13,180.0,-10.42,9.0,0.0,0.0,180.0
0.0,180.75,180.0,-7.02,9.0,0.0,0.0,180.0
0.0,181.26,180.0,-11.24,9.0,0.0,0.0,180.0
0.0,181.0,180.0,-8.46,9.0,0.0,0.0,180.0
0.0,180.65,180.0,-5.89,9.0,0.0,0.0,180.0
0.0,180.35,180.0,-2.36,9.0,0.0,0.0,180.0
0.0,180.4,180.0,-6.32,9.0,0.0,0.0,180.0
0.0,180.79,180.0,-6.7,9.0,0.0,0.0,180.0
0.0,180.12,180.0,-0.34,9.0,0.0,0.0,180.0
0.0,178.39,180.0,13.74,9.0,0.0,0.0,180.0
0.0,179.48,180.0,6.39,9.0,0.0,0.0,180.0
0.0,180.13,180.0,-1.22,9.0,0.0,0.0,180.0
0.0,179.74,180.0,1.36,9.0,0.0,0.0,180.0
0.0,179.44,180.0,3.94,9.0,0.0,0.0,180.0
0.0,181.15,180.0,-6.13,9.0,0.0,0.0,180.0
0.0,181.46,180.0,-12.86,9.0,0.0,0.0,180.0
0.0,178.97,180.0,8.97,9.0,0.0,0.0,180.0
0.0,180.46,180.0,0.04,9.0,0.0,0.0,180.0
0.0,180.27,180.0,-6.05,9.0,0.0,0.0,180.0
0.0,180.15,180.0,0.56,9.0,0.0,0.0,180.0
0.0,179.39,180.0,5.59,9.0,0.0,0.0,180.0
0.0,178.67,180.0,5.96,9.0,0.0,0.0,180.0
0.0,180.48,180.0,-1.65,9.0,0.0,0.0,180.0
0.0,179.99,180.0,0.05,9.0,0.0,0.0,180.0
0.0,178.95,180.0,10.5,9.0,0.0,0.0,180.0
0.0,180.79,180.0,-8.56,9.0,0.0,0.0,180.0
0.0,180.33,180.0,-0.01,9.0,0.0,0.0,180.0
0.0,179.07,180.0,4.01,9.0,0.0,0.0,180.0
0.0,180.09,180.0,-4.03,9.0,0.0,0.0,180.0
0.0,181.0,180.0,-7.74,9.0,0.0,0.0,180.0
0.0,179.82,180.0,0.76,9.0,0.0,0.0,180.0
0.0,180.22,180.0,0.19,9.0,0.0,0.0,180.0
0.0,179.73,180.0,5.41,9.0,0.0,0.0,180.0
0.0,180.89,180.0,-6.68,9.0,0.0,0.0,180.0
0.0,180.11,180.0,-1.12,9.0,0.0,0.0,180.0
0.0,180.93,180.0,-9.41,9.0,0.0,0.0,180.0
0.0,182.22,180.0,-15.82,9.0,0.0,0.0,180.0
0.0,182.01,180.0,-18.88,9.0,0.0,0.0,180.0
0.0,181.96,180.0,-16.11,9.0,0.0,0.0,180.0
0.0,182.54,180.0,-22.65,9.0,0.0,0.0,180.0
0.0,182.41,180.0,-22.02,9.0,0.0,0.0,180.0
0.0,181.7,180.0,-18.69,9.0,0.0,0.0,180.0
0.0,180.43,180.0,-4.84,9.0,0.0,0.0,180.0
0.0,180.01,180.0,-0.12,9.0,0.0,0.0,180.0
0.0,179.82,180.0,1.84,9.0,0.0,0.0,180.0
0.0,179.68,179.84,1.16,9.0,0.0,0.0,180.0
0.0,179.52,179.98,4.5,9.0,0.0,0.0,180.0
0.0,179.4,180.0,5.81,9.0,0.0,0.0,180.0
0.0,179.86,180.0,3.1,9.0,0.0,0.0,180.0
0.0,179.93,180.0,-0.42,9.0,0.0,0.0,180.0
0.0,179.54,180.0,4.62,9.0,0.0,0.0,180.0
0.0,180.63,180.0,-4.06,9.0,0.0,0.0,180.0
0.0,180.05,180.0,-0.29,9.0,0.0,0.0,180.0
0.0,179.44,180.0,6.7,9.0,0.0,0.0,180.0
0.0,180.14,180.0,-0.47,9.0,0.0,0.0,180.0
0.0,179.65,180.0,4.75,9.0,0.0,0.0,180.0
0.0,179.64,180.0,1.35,9.0,0.0,0.0,180.0
0.0,180.14,180.0,-3.62,9.0,0.0,0.0,180.0
0.0,180.53,180.0,-5.44,9.0,0.0,0.0,180.0
0.0,180.53,180.0,-3.3,9.0,0.0,0.0,180.0
0.0,179.91,180.0,3.94,9.0,0.0,0.0,180.0
0.0,179.7,180.0,1.1,9.0,0.0,0.0,180.0
0.0,179.86,180.0,0.54,9.0,0.0,0.0,180.0
0.0,180.1,180.0,-0.85,9.0,0.0,0.0,180.0
0.0,180.0,180.0,-0.78,9.0,0.0,0.0,180.0
0.0,179.33,180.0,5.95,9.0,0.0,0.0,180.0
0.0,178.93,180.0,9.98,9.0,0.0,0.0,180.0
0.0,178.98,180.0,9.41,9.0,0.0,0.0,180.0
0.0,180.33,180.0,-2.04,9.0,0.0,0.0,180.0
0.0,180.42,180.0,-3.93,9.0,0.0,0.0,180.0
0.0,180.42,180.0,-4.3,9.0,0.0,0.0,180.0
0.0,179.33,180.0,6.02,9.0,0.0,0.0,180.0
0.0,179.9,180.0,1.74,9.0,0.0,0.0,180.0
0.0,180.33,180.0,-2.73,9.0,0.0,0.0,180.0
0.0,180.08,180.0,-1.4,9.0,0.0,0.0,180.0
0.0,179.56,180.0,4.07,9.0,0.0,0.0,180.0
0.0,179.48,180.0,4.32,9.0,0.0,0.0,180.0
0.0,179.92,180.0,1.3,9.0,0.0,0.0,180.0
0.0,180.47,180.0,-3.6,9.0,0.0,0.0,180.0
0.0,180.06,180.0,-0.77,9.0,0.0,0.0,180.0
0.0,179.48,180.0,5.02,9.0,0.0,0.0,180.0
0.0,180.05,180.0,0.24,9.0,0.0,0.0,180.0
0.0,180.37,180.0,-3.54,9.0,0.0,0.0,180.0
0.0,180.2,180.0,-1.59,9.0,0.0,0.0,180.0
0.0,179.95,180.0,0.3,9.0,0.0,0.0,180.0
0.0,179.69,180.0,2.69,9.0,0.0,0.0,180.0
0.0,179.87,180.0,0.87,9.0,0.0,0.0,180.0
0.0,180.23,180.0,-1.71,9.0,0.0,0.0,180.0
0.0,179.98,180.0,0.3,9.0,0.0,0.0,180.0
0.0,179.79,180.0,2.45,9.0,0.0,0.0,180.0
0.0,180.13,180.0,-0.76,9.0,0.0,0.0,180.0
0.0,180.2,180.0,-2.02,9.0,0.0,0.0,180.0
0.0,180.11,180.0,-1.08,9.0,0.0,0.0,180.0
0.0,180.08,180.0,-0.57,9.0,0.0,0.0,180.0
0.0,180.0,180.0,-0.01,9.0,0.0,0.0,180.0
0.0,179.91,180.0,0.62,9.0,0.0,0.0,180.0
0.0,179.92,180.0,0.94,9.0,0.0,0.0,180.0
0.0,179.97,180.0,0.31,9.0,0.0,0.0,180.0
0.0,180.13,180.0,-1.01,9.0,0.0,0.0,180.0
0.0,180.16,180.0,-1.39,9.0,0.0,0.0,180.0
0.0,180.11,180.0,-1.01,9.0,0.0,0.0,180.0
0.0,180.01,180.0,-0.25,9.0,0.0,0.0,180.0
0.0,179.87,180.0,1.26,9.0,0.0,0.0,180.0
0.0,180.14,180.0,-1.2,9.0,0.0,0.0,180.0
0.0,180.52,180.0,-3.53,9.0,0.0,0.0,180.0
0.0,180.36,180.0,-4.22,9.0,0.0,0.0,180.0
0.0,179.73,180.0,1.38,9.0,0.0,0.0,180.0
0.0,179.6,180.0,3.83,9.0,0.0,0.0,180.0
0.0,180.76,180.0,-5.54,9.0,0.0,0.0,180.0
0.0,180.99,180.0,-9.38,9.0,0.0,0.0,180.0
0.0,180.19,180.0,-2.21,9.0,0.0,0.0,180.0
0.0,179.41,180.0,4.9,9.0,0.0,0.0,180.0
0.0,179.37,180.0,6.16,9.0,0.0,0.0,180.0
0.0,180.08,180.0,0.06,9.0,0.0,0.0,180.0
0.0,180.2,180.0,-2.01,9.0,0.0,0.0,180.0
0.0,180.19,180.0,-2.01,9.0,0.0,0.0,180.0
0.0,180.01,180.0,-0.5,9.0,0.0,0.0,180.0
0.0,179.76,180.0,1.39,9.0,0.0,0.0,180.0
0.0,179.78,180.0,2.58,9.0,0.0,0.0,180.0
0.0,180.28,180.0,-2.08,9.0,0.0,0.0,180.0
0.0,180.36,180.0,-3.52,9.0,0.0,0.0,180.0
0.0,179.65,180.0,2.02,9.0,0.0,0.0,180.0
0.0,179.47,180.0,4.72,9.0,0.0,0.0,180.0
0.0,179.96,180.0,1.39,9.0,0.0,0.0,180.0
0.0,180.49,180.0,-3.77,9.0,0.0,0.0,180.0
0.0,180.1,180.0,-2.32,9.0,0.0,0.0,180.0
0.0,179.93,180.0,0.82,9.0,0.0,0.0,180.0
0.0,180.31,180.0,-2.39,9.0,0.0,0.0,180.0
0.0,181.01,180.0,-8.49,9.0,0.0,0.0,180.0
0.0,181.24,180.0,-11.58,9.0,0.0,0.0,180.0
0.0,180.27,180.0,-2.89,9.0,0.0,0.0,180.0
0.0,179.7,180.0,2.39,9.0,0.0,0.0,180.0
0.0,179.43,180.0,5.16,9.0,0.0,0.0,180.0
0.0,179.54,180.0,4.41,9.0,0.0,0.0,180.0
0.0,179.63,180.0,2.4,9.0,0.0,0.0,180.0
0.0,180.04,180.0,1.26,9.0,0.0,0.0,180.0
0.0,179.45,180.0,4.41,9.0,0.0,0.0,180.0
0.0,179.83,180.0,2.4,9.0,0.0,0.0,180.0
0.0,180.69,180.0,-5.91,9.0,0.0,0.0,180.0
0.0,180.03,180.0,-0.94,9.0,0.0,0.0,180.0
0.0,179.63,180.0,2.33,9.0,0.0,0.0,180.0
0.0,180.06,180.0,-0.06,9.0,0.0,0.0,180.0
0.0,179.99,180.0,0.0,9.0,0.0,0.0,180.0
0.0,180.01,180.0,-0.75,9.0,0.0,0.0,180.0
0.0,179.25,180.0,5.67,9.0,0.0,0.0,180.0
0.0,180.09,180.0,-0.31,9.0,0.0,0.0,180.0
0.0,179.73,180.0,1.39,9.0,0.0,0.0,180.0
0.0,179.97,180.0,1.2,9.0,0.0,0.0,180.0
0.0,179.45,180.0,6.05,9.0,0.0,0.0,180.0
0.0,179.25,180.0,6.11,9.0,0.0,0.0,180.0
0.0,179.68,180.0,1.01,9.0,0.0,0.0,180.0
0.0,179.58,180.0,4.91,9.0,0.0,0.0,180.0
0.0,179.35,180.0,6.17,9.0,0.0,0.0,180.0
0.0,180.03,180.0,0.13,9.0,0.0,0.0,180.0
0.0,180.38,180.0,-1.07,9.0,0.0,0.0,180.0
0.0,179.6,180.0,1.83,9.0,0.0,0.0,180.0
0.0,179.85,180.0,-1.44,9.0,0.0,0.0,180.0
0.0,180.2,180.0,-1.82,9.0,0.0,0.0,180.0
0.0,180.24,180.0,-0.87,9.0,0.0,0.0,180.0
0.0,180.05,180.0,1.27,9.0,0.0,0.0,180.0
0.0,179.69,180.0,3.09,9.0,0.0,0.0,180.0
0.0,180.17,180.0,-1.44,9.0,0.0,0.0,180.0
0.0,179.77,180.0,3.91,9.0,0.0,0.0,180.0
0.0,180.07,180.0,-2.0,9.0,0.0,0.0,180.0
0.0,180.29,180.0,-2.13,9.0,0.0,0.0,180.0
0.0,179.74,180.0,2.72,9.0,0.0,0.0,180.0
0.0,179.51,180.0,2.08,9.0,0.0,0.0,180.0
0.0,179.86,180.0,1.08,9.0,0.0,0.0,180.0
0.0,179.66,180.0,4.48,9.0,0.0,0.0,180.0
0.0,179.5,180.0,58.91,9.0,0.0,0.0,180.0
0.0,179.89,180.0,57.09,9.0,0.0,0.0,180.0
0.0,179.41,180.0,60.17,9.0,0.0,0.0,180.0
0.0,179.94,180.0,56.27,9.0,0.0,0.0,180.0
0.0,179.31,180.0,55.79,9.0,0.0,0.0,180.0
0.0,179.01,179.42,58.97,9.0,0.0,0.0,180.0
0.0,179.33,179.56,58.53,9.0,0.0,0.0,180.0
0.0,179.25,179.69,58.95,9.0,0.0,0.0,180.0
0.0,179.73,179.83,57.19,9.0,0.0,0.0,180.0
0.0,179.97,179.96,55.84,9.0,0.0,0.0,180.0
0.0,179.52,180.0,59.92,9.0,0.0,0.0,180.0
0.0,179.33,180.0,61.5,9.0,0.0,0.0,180.0
0.0,179.17,180.0,63.57,9.0,0.0,0.0,180.0
0.0,179.5,180.0,60.74,9.0,0.0,0.0,180.0
0.0,179.78,180.0,58.29,9.0,0.0,0.0,180.0
0.0,179.77,180.0,57.91,9.0,0.0,0.0,180.0
0.0,179.77,180.0,58.16,9.0,0.0,0.0,180.0
0.0,179.82,180.0,57.4,9.0,0.0,0.0,180.0
0.0,179.74,180.0,58.1,9.0,0.0,0.0,180.0
0.0,179.77,180.0,58.1,9.0,0.0,0.0,180.0
0.0,180.28,180.0,54.13,9.0,0.0,0.0,180.0
0.0,180.76,180.0,48.09,9.0,0.0,0.0,180.0
0.0,182.96,180.0,34.24,9.0,0.0,0.0,180.0
0.0,182.23,180.0,35.45,9.0,0.0,0.0,180.0
0.0,181.37,180.0,44.02,9.0,0.0,0.0,180.0
0.0,181.71,180.0,40.42,9.0,0.0,0.0,180.0
0.0,180.46,180.0,45.4,9.0,0.0,0.0,180.0
0.0,177.09,180.0,87.66,9.0,0.0,0.0,180.0
0.0,179.82,180.0,56.01,9.0,0.0,0.0,180.0
0.0,182.37,180.0,35.39,9.0,0.0,0.0,180.0
0.0,190.31,180.0,-25.26,9.0,0.0,0.0,180.0
0.0,195.54,180.0,-84.73,9.0,0.0,0.0,180.0
0.0,204.68,180.0,-132.11,9.0,0.0,0.0,180.0
0.0,224.84,180.0,-255.0,9.0,0.0,0.0,180.0
0.0,237.02,180.0,-246.4,9.0,0.0,0.0,180.0
0.0,232.39,180.0,-213.48,9.0,0.0,0.0,180.0
0.0,228.81,180.0,-164.64,9.0,0.0,0.0,180.0
0.0,230.93,180.0,-183.89,9.0,0.0,0.0,180.0
0.0,232.89,180.0,-209.9,9.0,0.0,0.0,180.0
0.0,234.54,180.0,-217.18,9.0,0.0,0.0,180.0
0.0,234.25,180.0,-221.61,9.0,0.0,0.0,180.0
0.0,228.42,180.0,-175.18,9.0,0.0,0.0,180.0
0.0,223.46,180.0,-125.04,9.0,0.0,0.0,180.0
0.0,218.3,180.0,-90.04,9.0,0.0,0.0,180.0
0.0,215.17,180.0,-52.15,9.0,0.0,0.0,180.0
0.0,211.78,180.0,-20.23,9.0,0.0,0.0,180.0
0.0,208.97,180.0,1.61,9.0,0.0,0.0,180.0
0.0,194.47,180.0,130.47,9.0,0.0,0.0,180.0
0.0,181.92,180.0,244.69,9.0,0.0,0.0,180.0
0.0,178.91,180.0,255.0,9.0,0.0,0.0,180.0
0.0,178.68,180.0,254.26,9.0,0.0,0.0,180.0
0.0,179.95,180.0,242.62,9.0,0.0,0.0,180.0
0.0,179.66,180.0,245.77,9.0,0.0,0.0,180.0
0.0,180.58,180.0,237.22,9.0,0.0,0.0,180.0
0.0,180.31,180.0,239.36,9.0,0.0,0.0,180.0
0.0,180.65,180.0,236.4,9.0,0.0,0.0,180.0
0.0,180.76,180.0,235.52,9.0,0.0,0.0,180.0
0.0,180.82,180.0,234.01,9.0,0.0,0.0,180.0
0.0,180.64,180.0,236.35,9.0,0.0,0.0,180.0
0.0,180.21,180.0,240.19,9.0,0.0,0.0,180.0
0.0,180.33,180.0,239.43,9.0,0.0,0.0,180.0
0.0,180.59,180.0,237.35,9.0,0.0,0.0,180.0
0.0,179.52,180.0,238.79,9.0,0.0,0.0,180.0
0.0,179.51,179.25,239.29,9.0,0.0,0.0,180.0
0.0,179.48,179.36,242.36,9.0,0.0,0.0,180.0
0.0,179.74,179.49,241.27,9.0,0.0,0.0,180.0
0.0,179.87,179.61,-1.98,9.0,0.0,0.0,180.0
0.0,179.81,179.72,-3.13,9.0,0.0,0.0,180.0
0.0,179.69,179.84,0.78,9.0,0.0,0.0,180.0
0.0,178.13,179.96,10.56,9.0,0.0,0.0,180.0
0.0,178.96,180.0,-9.73,9.0,0.0,0.0,180.0
0.0,177.88,180.0,-3.78,9.0,0.0,0.0,180.0
0.0,178.62,180.0,0.75,9.0,0.0,0.0,180.0
0.0,185.78,180.0,-56.46,9.0,0.0,0.0,180.0
0.0,182.62,180.0,-14.99,9.0,0.0,0.0,180.0
0.0,182.23,180.0,-3.47,9.0,0.0,0.0,180.0
0.0,188.76,180.0,-48.02,9.0,0.0,0.0,180.0
0.0,186.93,180.0,-76.61,9.0,0.0,0.0,180.0
0.0,186.35,180.0,-59.9,9.0,0.0,0.0,180.0
0.0,185.98,180.0,-51.65,9.0,0.0,0.0,180.0
0.0,175.5,180.0,25.08,9.0,0.0,0.0,180.0
0.0,175.54,180.0,24.89,9.0,0.0,0.0,180.0
0.0,175.45,180.0,25.45,9.0,0.0,0.0,180.0
0.0,175.41,180.0,26.1,9.0,0.0,0.0,180.0
0.0,175.41,180.0,25.9,9.0,0.0,0.0,180.0
0.0,175.43,180.0,25.9,9.0,0.0,0.0,180.0
0.0,175.47,180.0,25.45,9.0,0.0,0.0,180.0
0.0,175.66,180.0,23.93,9.0,0.0,0.0,180.0
0.0,175.68,180.0,23.42,9.0,0.0,0.0,180.0
0.0,175.48,180.0,25.38,9.0,0.0,0.0,180.0
0.0,175.59,180.0,24.56,9.0,0.0,0.0,180.0
0.0,175.83,180.0,22.15,9.0,0.0,0.0,180.0
0.0,175.79,180.0,22.47,9.0,0.0,0.0,180.0
0.0,176.05,180.0,20.63,9.0,0.0,0.0,180.0
0.0,176.17,180.0,19.23,9.0,0.0,0.0,180.0
0.0,176.17,180.0,19.1,9.0,0.0,0.0,180.0
0.0,176.25,180.0,18.33,9.0,0.0,0.0,180.0
0.0,176.0,180.0,20.68,9.0,0.0,0.0,180.0
0.0,175.91,180.0,21.45,9.0,0.0,0.0,180.0
0.0,175.87,180.0,21.89,9.0,0.0,0.0,180.0
0.0,175.95,180.0,21.2,9.0,0.0,0.0,180.0
0.0,176.05,180.0,20.31,9.0,0.0,0.0,180.0
0.0,175.98,180.0,20.82,9.0,0.0,0.0,180.0
0.0,176.05,180.0,20.24,9.0,0.0,0.0,180.0
0.0,175.98,180.0,20.94,9.0,0.0,0.0,180.0
0.0,176.03,180.0,20.49,9.0,0.0,0.0,180.0
0.0,176.1,180.0,19.8,9.0,0.0,0.0,180.0
0.0,176.25,180.0,18.4,9.0,0.0,0.0,180.0
0.0,175.97,180.0,20.74,9.0,0.0,0.0,180.0
0.0,175.67,180.0,23.34,9.0,0.0,0.0,180.0
0.0,175.36,180.0,26.02,9.0,0.0,0.0,180.0
0.0,174.94,180.0,29.78,9.0,0.0,0.0,180.0
0.0,174.63,180.0,33.02,9.0,0.0,0.0,180.0
0.0,174.75,180.0,32.13,9.0,0.0,0.0,180.0
0.0,176.17,180.0,21.01,9.0,0.0,0.0,180.0
0.0,177.65,180.0,5.79,9.0,0.0,0.0,180.0
0.0,177.69,180.0,6.1,9.0,0.0,0.0,180.0
0.0,177.93,180.0,3.33,9.0,0.0,0.0,180.0
0.0,177.98,180.0,2.84,9.0,0.0,0.0,180.0
0.0,177.99,180.0,2.72,9.0,0.0,0.0,180.0
0.0,177.83,180.0,4.14,9.0,0.0,0.0,180.0
0.0,177.79,180.0,4.65,9.0,0.0,0.0,180.0
0.0,177.89,180.0,3.83,9.0,0.0,0.0,180.0
0.0,177.96,180.0,3.01,9.0,0.0,0.0,180.0
0.0,177.86,180.0,3.77,9.0,0.0,0.0,180.0
0.0,177.74,180.0,4.86,9.0,0.0,0.0,180.0
0.0,177.64,180.0,5.8,9.0,0.0,0.0,180.0
0.0,177.52,180.0,7.04,9.0,0.0,0.0,180.0
0.0,177.54,180.0,6.78,9.0,0.0,0.0,180.0
0.0,177.39,180.0,7.92,9.0,0.0,0.0,180.0
0.0,177.28,180.0,9.14,9.0,0.0,0.0,180.0
0.0,177.16,180.0,10.16,9.0,0.0,0.0,180.0
0.0,177.1,180.0,10.67,9.0,0.0,0.0,180.0
0.0,176.84,180.0,12.83,9.0,0.0,0.0,180.0
0.0,176.76,180.0,13.8,9.0,0.0,0.0,180.0
0.0,176.86,180.0,13.23,9.0,0.0,0.0,180.0
0.0,176.98,180.0,11.69,9.0,0.0,0.0,180.0
0.0,176.83,180.0,13.04,9.0,0.0,0.0,180.0
0.0,176.8,180.0,13.47,9.0,0.0,0.0,180.0
0.0,176.74,180.0,13.93,9.0,0.0,0.0,180.0
0.0,176.69,180.0,14.37,9.0,0.0,0.0,180.0
0.0,176.46,180.0,16.48,9.0,0.0,0.0,180.0
0.0,176.47,180.0,16.41,12.0,3.0,0.04,180.0
0.0,176.37,180.0,17.12,12.0,3.0,0.04,180.0
0.0,176.29,180.0,17.94,12.0,3.0,0.04,180.0
0.0,176.15,180.0,19.34,12.0,3.0,0.04,180.0
0.0,176.25,180.0,18.21,12.0,3.0,0.04,180.0
0.0,175.92,180.0,21.31,12.0,3.0,0.04,180.0
0.0,176.17,180.0,19.35,12.0,3.0,0.04,180.0
0.0,176.01,180.0,20.37,12.0,3.0,0.04,180.0
0.0,177.39,180.0,31.08,12.0,3.0,0.04,180.0
0.0,180.82,180.0,3.88,12.0,3.0,0.04,180.0
0.0,180.95,180.0,0.84,12.0,3.0,0.04,180.0
0.0,180.47,180.0,7.09,12.0,3.0,0.04,180.0
0.0,180.21,180.0,1.78,12.0,3.0,0.04,180.0
0.0,179.71,180.0,28.4,12.0,3.0,0.04,180.0
0.0,181.35,180.0,-21.01,12.0,3.0,0.04,180.0
0.0,179.45,180.0,15.59,12.0,3.0,0.04,180.0
0.0,181.1,180.0,-3.1,12.0,3.0,0.04,180.0
0.0,179.74,180.0,5.56,12.0,3.0,0.04,180.0
0.0,180.07,180.0,5.78,12.0,3.0,0.04,180.0
0.0,180.82,180.0,-21.31,12.0,3.0,0.04,180.0
0.0,178.07,180.0,44.19,12.0,3.0,0.04,180.0
0.0,180.81,180.0,-10.34,12.0,3.0,0.04,180.0
0.0,180.04,180.0,-9.73,12.0,3.0,0.04,180.0
0.0,180.3,180.0,10.97,12.0,3.0,0.04,180.0
0.0,180.67,180.0,-21.72,12.0,3.0,0.04,180.0
0.0,178.75,180.0,35.54,12.0,3.0,0.04,180.0
0.0,181.29,180.0,-30.46,12.0,3.0,0.04,180.0
0.0,178.54,180.0,31.8,12.0,3.0,0.04,180.0
0.0,181.16,180.0,-20.0,12.0,3.0,0.04,180.0
0.0,179.86,180.0,-12.4,12.0,3.0,0.04,180.0
0.0,179.77,180.0,13.33,12.0,3.0,0.04,180.0
0.0,180.95,180.0,-26.45,12.0,3.0,0.04,180.0
0.0,178.83,180.0,27.56,12.0,3.0,0.04,180.0
0.0,181.34,180.0,-26.79,12.0,3.0,0.04,180.0
0.0,179.09,180.0,5.11,12.0,3.0,0.04,180.0
0.0,179.72,180.0,18.3,12.0,3.0,0.04,180.0
0.0,180.12,180.0,-15.69,12.0,3.0,0.04,180.0
0.0,178.15,180.0,38.72,12.0,3.0,0.04,180.0
0.0,181.56,180.0,-29.52,12.0,3.0,0.04,180.0
0.0,179.67,180.0,4.76,12.0,3.0,0.04,180.0
0.0,179.89,180.0,15.48,12.0,3.0,0.04,180.0
0.0,180.9,180.0,-27.7,12.0,3.0,0.04,180.0
0.0,178.39,180.0,35.68,12.0,3.0,0.04,180.0
0.0,181.56,180.0,-29.19,12.0,3.0,0.04,180.0
0.0,178.84,180.0,24.37,12.0,3.0,0.04,180.0
0.0,181.47,180.0,-15.56,12.0,3.0,0.04,180.0
0.0,179.49,180.0,-2.63,12.0,3.0,0.04,180.0
0.0,180.35,180.0,-0.16,12.0,3.0,0.04,180.0
0.0,180.06,180.0,-1.03,12.0,3.0,0.04,180.0
0.0,178.97,180.0,26.5,12.0,3.0,0.04,180.0
0.0,180.42,180.0,-17.0,12.0,3.0,0.04,180.0
0.0,178.97,180.0,28.94,12.0,3.0,0.04,180.0
0.0,181.04,180.0,-17.37,12.0,3.0,0.04,180.0
0.0,178.19,180.0,38.33,12.0,3.0,0.04,180.0
0.0,181.27,180.0,-19.11,12.0,3.0,0.04,180.0
0.0,179.31,180.0,14.09,12.0,3.0,0.04,180.0
0.0,180.99,180.0,-4.01,12.0,3.0,0.04,180.0
0.0,179.67,180.0,-7.75,12.0,3.0,0.04,180.0
0.0,180.28,180.0,10.41,12.0,3.0,0.04,180.0
0.0,180.93,180.0,-25.71,12.0,3.0,0.04,180.0
0.0,179.42,180.0,19.66,12.0,3.0,0.04,180.0
0.0,181.03,180.0,-22.12,12.0,3.0,0.04,180.0
0.0,179.27,180.0,-1.91,12.0,3.0,0.04,180.0
0.0,179.43,180.0,18.1,12.0,3.0,0.04,180.0
0.0,180.39,180.0,-18.58,12.0,3.0,0.04,180.0
0.0,178.3,180.0,40.32,12.0,3.0,0.04,180.0
0.0,181.54,180.0,-30.16,12.0,3.0,0.04,180.0
0.0,179.2,180.0,15.87,12.0,3.0,0.04,180.0
0.0,180.27,180.0,7.52,12.0,3.0,0.04,180.0
0.0,180.27,180.0,-14.83,12.0,3.0,0.04,180.0
0.0,179.13,180.0,23.9,12.0,3.0,0.04,180.0
0.0,182.01,180.0,-39.34,12.0,3.0,0.04,180.0
0.0,178.53,180.0,30.44,12.0,3.0,0.04,180.0
0.0,180.74,180.0,-9.69,12.0,3.0,0.04,180.0
0.0,180.05,180.0,-11.21,12.0,3.0,0.04,180.0
0.0,179.94,180.0,15.61,12.0,3.0,0.04,180.0
0.0,181.59,180.0,-35.57,12.0,3.0,0.04,180.0
0.0,178.31,180.0,38.38,12.0,3.0,0.04,180.0
0.0,181.3,180.0,-23.28,12.0,3.0,0.04,180.0
0.0,179.24,180.0,-5.75,12.0,3.0,0.04,180.0
0.0,179.81,180.0,15.18,12.0,3.0,0.04,180.0
0.0,180.54,180.0,-20.83,12.0,3.0,0.04,180.0
0.0,179.14,180.0,28.59,12.0,3.0,0.04,180.0
0.0,181.32,180.0,-33.47,12.0,3.0,0.04,180.0
0.0,179.48,180.0,-8.79,12.0,3.0,0.04,180.0
0.0,179.62,180.0,16.74,12.0,3.0,0.04,180.0
0.0,180.72,180.0,-29.81,12.0,3.0,0.04,180.0
0.0,178.65,180.0,33.86,12.0,3.0,0.04,180.0
0.0,181.02,180.0,-18.51,12.0,3.0,0.04,180.0
0.0,179.28,180.0,2.99,12.0,3.0,0.04,180.0
0.0,179.67,180.0,15.85,12.0,3.0,0.04,180.0
0.0,180.04,180.0,-8.09,12.0,3.0,0.04,180.0
0.0,178.67,180.0,39.4,12.0,3.0,0.04,180.0
0.0,181.67,180.0,-31.64,12.0,3.0,0.04,180.0
0.0,178.79,180.0,29.58,12.0,3.0,0.04,180.0
0.0,181.83,180.0,-33.75,12.0,3.0,0.04,180.0
0.0,179.2,180.0,1.45,12.0,3.0,0.04,180.0
0.0,180.77,180.0,-5.42,12.0,3.0,0.04,180.0
0.0,179.37,180.0,-1.48,12.0,3.0,0.04,180.0
0.0,179.72,180.0,14.59,12.0,3.0,0.04,180.0
0.0,181.4,180.0,-33.06,12.0,3.0,0.04,180.0
0.0,179.03,180.0,25.75,12.0,3.0,0.04,180.0
0.0,181.89,180.0,-40.59,12.0,3.0,0.04,180.0
0.0,178.7,180.0,17.66,12.0,3.0,0.04,180.0
0.0,180.05,180.0,7.37,12.0,3.0,0.04,180.0
0.0,179.78,180.0,-7.64,12.0,3.0,0.04,180.0
0.0,179.45,180.0,14.22,12.0,3.0,0.04,180.0
0.0,180.71,180.0,-11.59,12.0,3.0,0.04,180.0
0.0,178.94,180.0,16.37,12.0,3.0,0.04,180.0
0.0,180.08,180.0,15.95,12.0,3.0,0.04,180.0
0.0,180.02,180.0,-7.38,12.0,3.0,0.04,180.0
0.0,180.27,180.0,5.28,12.0,3.0,0.04,180.0
0.0,181.02,180.0,-26.34,12.0,3.0,0.04,180.0
0.0,177.94,180.0,47.22,12.0,3.0,0.04,180.0
0.0,181.08,180.0,-26.04,12.0,3.0,0.04,180.0
0.0,177.12,180.0,44.87,12.0,3.0,0.04,180.0
0.0,181.16,180.0,-19.58,12.0,3.0,0.04,180.0
0.0,177.95,180.0,32.27,12.0,3.0,0.04,180.0
0.0,181.74,180.0,-24.23,12.0,3.0,0.04,180.0
0.0,177.39,180.0,64.05,12.0,3.0,0.04,180.0
0.0,180.03,180.0,19.67,12.0,3.0,0.04,180.0
0.0,181.52,180.0,-27.43,12.0,3.0,0.04,180.0
0.0,180.82,180.0,-4.31,12.0,3.0,0.04,180.0
0.0,181.05,180.0,-6.37,12.0,3.0,0.04,180.0
0.0,180.5,180.0,-1.74,12.0,3.0,0.04,180.0
0.0,180.8,180.0,-24.28,12.0,3.0,0.04,180.0
0.0,181.05,180.0,-0.37,12.0,3.0,0.04,180.0
0.0,180.73,180.0,-36.21,12.0,3.0,0.04,180.0
0.0,179.1,180.0,14.39,12.0,3.0,0.04,180.0
0.0,180.69,180.0,-17.86,12.0,3.0,0.04,180.0
0.0,178.3,180.0,9.75,12.0,3.0,0.04,180.0
0.0,179.18,180.0,16.29,12.0,3.0,0.04,180.0
0.0,180.03,180.0,4.01,12.0,3.0,0.04,180.0
0.0,180.82,180.0,-14.47,12.0,3.0,0.04,180.0
0.0,179.7,180.0,7.25,12.0,3.0,0.04,180.0
0.0,179.85,180.0,0.54,12.0,3.0,0.04,180.0
0.0,179.98,180.0,1.65,12.0,3.0,0.04,180.0
0.0,180.02,180.0,-1.13,12.0,3.0,0.04,180.0
0.0,180.12,180.0,-2.4,12.0,3.0,0.04,180.0
0.0,179.99,180.0,-0.52,12.0,3.0,0.04,180.0
0.0,179.97,180.0,-0.38,12.0,3.0,0.04,180.0
0.0,179.92,180.0,-0.05,12.0,3.0,0.04,180.0
0.0,180.16,180.0,-4.1,12.0,3.0,0.04,180.0
0.0,180.2,180.0,-3.17,12.0,3.0,0.04,180.0
0.0,180.0,180.0,-0.28,12.0,3.0,0.04,180.0
0.0,179.47,180.0,7.86,12.0,3.0,0.04,180.0
0.0,179.91,180.0,-0.51,12.0,3.0,0.04,180.0
0.0,180.31,180.0,-8.63,12.0,3.0,0.04,180.0
0.0,180.08,180.0,-3.06,12.0,3.0,0.04,180.0
0.0,179.88,180.0,0.5,12.0,3.0,0.04,180.0
0.0,179.77,180.0,2.43,12.0,3.0,0.04,180.0
0.0,180.06,180.0,1.11,12.0,3.0,0.04,180.0
0.0,179.9,180.0,4.82,12.0,3.0,0.04,180.0
0.0,179.58,180.0,9.24,12.0,3.0,0.04,180.0
0.0,179.5,180.0,11.29,12.0,3.0,0.04,180.0
0.0,179.75,180.0,9.06,12.0,3.0,0.04,180.0
0.0,179.86,180.0,9.11,12.0,3.0,0.04,180.0
0.0,179.52,180.0,15.78,12.0,3.0,0.04,180.0
0.0,180.55,180.0,-2.59,12.0,3.0,0.04,180.0
0.0,180.94,180.0,-4.84,12.0,3.0,0.04,180.0
0.0,180.92,180.0,-7.83,12.0,3.0,0.04,180.0
0.0,180.61,180.0,-4.45,12.0,3.0,0.04,180.0
0.0,179.89,180.0,3.04,12.0,3.0,0.04,180.0
0.0,179.63,180.0,6.44,12.0,3.0,0.04,180.0
0.0,180.09,180.0,4.93,12.0,3.0,0.04,180.0
0.0,180.11,180.0,0.34,12.0,3.0,0.04,180.0
0.0,180.02,180.0,1.48,12.0,3.0,0.04,180.0
0.0,179.63,180.0,7.68,12.0,3.0,0.04,180.0
0.0,179.47,180.0,10.81,12.0,3.0,0.04,180.0
0.0,179.58,180.0,9.86,12.0,3.0,0.04,180.0
0.0,179.31,180.0,16.48,12.0,3.0,0.04,180.0
0.0,180.08,180.0,4.36,12.0,3.0,0.04,180.0
0.0,180.29,180.0,5.31,12.0,3.0,0.04,180.0
0.0,179.93,180.0,9.11,12.0,3.0,0.04,180.0
0.0,180.47,180.0,-1.8,12.0,3.0,0.04,180.0
0.0,178.5,180.0,27.41,12.0,3.0,0.04,180.0
0.0,178.56,180.0,32.9,12.0,3.0,0.04,180.0
0.0,178.39,180.0,39.33,12.0,3.0,0.04,180.0
0.0,179.08,180.0,35.11,12.0,3.0,0.04,180.0
0.0,178.71,180.0,43.55,12.0,3.0,0.04,180.0
0.0,178.36,180.0,54.97,12.0,3.0,0.04,180.0
0.0,177.96,180.0,64.53,12.0,3.0,0.04,180.0
0.0,177.49,180.0,79.86,12.0,3.0,0.04,180.0
0.0,177.21,180.0,91.31,12.0,3.0,0.04,180.0
0.0,177.5,180.0,95.83,12.0,3.0,0.04,180.0
0.0,177.63,180.0,104.57,12.0,3.0,0.04,180.0
0.0,177.64,180.0,112.83,12.0,3.0,0.04,180.0
0.0,177.83,180.0,117.94,12.0,3.0,0.04,180.0
0.0,178.37,180.0,117.62,12.0,3.0,0.04,180.0
0.0,178.5,180.0,123.57,12.0,3.0,0.04,180.0
0.0,177.92,180.0,138.64,12.0,3.0,0.04,180.0
0.0,181.54,180.0,-13.64,9.0,0.0,0.0,180.0
0.0,181.46,180.0,-13.26,9.0,0.0,0.0,180.0
0.0,181.45,180.0,-12.94,9.0,0.0,0.0,180.0
0.0,181.38,180.0,-12.5,9.0,0.0,0.0,180.0
0.0,181.34,180.0,-11.88,9.0,0.0,0.0,180.0
0.0,181.4,180.0,-12.96,9.0,0.0,0.0,180.0
0.0,181.33,180.0,-12.01,9.0,0.0,0.0,180.0
0.0,181.47,180.0,-13.09,9.0,0.0,0.0,180.0
0.0,181.58,180.0,-14.21,9.0,0.0,0.0,180.0
0.0,181.67,180.0,-14.9,9.0,0.0,0.0,180.0
0.0,181.73,180.0,-15.55,9.0,0.0,0.0,180.0
0.0,181.64,180.0,-14.91,9.0,0.0,0.0,180.0
0.0,181.78,180.0,-15.8,9.0,0.0,0.0,180.0
0.0,181.95,180.0,-17.57,9.0,0.0,0.0,180.0
0.0,182.01,180.0,-18.14,9.0,0.0,0.0,180.0
0.0,181.94,180.0,-17.44,9.0,0.0,0.0,180.0
0.0,182.09,180.0,-18.7,9.0,0.0,0.0,180.0
0.0,182.13,180.0,-19.2,9.0,0.0,0.0,180.0
0.0,182.08,180.0,-18.84,9.0,0.0,0.0,180.0
0.0,181.85,180.0,-16.63,9.0,0.0,0.0,180.0
0.0,181.95,180.0,-17.57,9.0,0.0,0.0,180.0
0.0,181.86,180.0,-16.7,9.0,0.0,0.0,180.0
0.0,182.0,180.0,-17.84,9.0,0.0,0.0,180.0
0.0,181.99,180.0,-17.95,9.0,0.0,0.0,180.0
0.0,181.95,180.0,-17.5,9.0,0.0,0.0,180.0
0.0,182.05,180.0,-18.27,9.0,0.0,0.0,180.0
0.0,182.07,180.0,-18.7,9.0,0.0,0.0,180.0
0.0,182.01,180.0,-18.2,9.0,0.0,0.0,180.0
0.0,181.78,180.0,-16.24,9.0,0.0,0.0,180.0
0.0,181.62,180.0,-14.73,9.0,0.0,0.0,180.0
0.0,181.6,180.0,-14.35,9.0,0.0,0.0,180.0
0.0,181.52,180.0,-13.78,9.0,0.0,0.0,180.0
0.0,181.46,180.0,-13.21,9.0,0.0,0.0,180.0
0.0,181.43,180.0,-12.84,9.0,0.0,0.0,180.0
0.0,181.4,180.0,-12.65,9.0,0.0,0.0,180.0
0.0,181.36,180.0,-12.33,9.0,0.0,0.0,180.0
0.0,181.31,180.0,-11.77,9.0,0.0,0.0,180.0
0.0,181.41,180.0,-12.59,9.0,0.0,0.0,180.0
0.0,181.38,180.0,-12.46,9.0,0.0,0.0,180.0
0.0,181.35,180.0,-12.2,9.0,0.0,0.0,180.0
0.0,181.41,180.0,-12.53,9.0,0.0,0.0,180.0
0.0,181.48,180.0,-13.29,9.0,0.0,0.0,180.0
0.0,181.56,180.0,-13.99,9.0,0.0,0.0,180.0
0.0,181.48,180.0,-13.29,9.0,0.0,0.0,180.0
0.0,181.54,180.0,-13.79,9.0,0.0,0.0,180.0
0.0,181.69,180.0,-15.0,9.0,0.0,0.0,180.0
0.0,181.96,180.0,-17.39,9.0,0.0,0.0,180.0
0.0,182.09,180.0,-18.67,9.0,0.0,0.0,180.0
0.0,182.31,180.0,-20.61,9.0,0.0,0.0,180.0
0.0,182.45,180.0,-22.18,9.0,0.0,0.0,180.0
0.0,182.37,180.0,-21.49,9.0,0.0,0.0,180.0
0.0,182.21,180.0,-19.98,9.0,0.0,0.0,180.0
0.0,182.21,180.0,-19.73,9.0,0.0,0.0,180.0
0.0,182.14,180.0,-19.41,9.0,0.0,0.0,180.0
0.0,181.76,180.0,-16.33,9.0,0.0,0.0,180.0
0.0,181.48,180.0,-13.49,9.0,0.0,0.0,180.0
0.0,181.34,180.0,-12.22,9.0,0.0,0.0,180.0
0.0,181.29,180.0,-11.52,9.0,0.0,0.0,180.0
0.0,181.34,180.0,-12.03,9.0,0.0,0.0,180.0
0.0,181.36,180.0,-12.46,9.0,0.0,0.0,180.0
0.0,181.2,180.0,-10.82,9.0,0.0,0.0,180.0
0.0,181.24,180.0,-11.2,9.0,0.0,0.0,180.0
0.0,181.3,180.0,-11.64,9.0,0.0,0.0,180.0
0.0,181.29,180.0,-11.7,9.0,0.0,0.0,180.0
0.0,181.26,180.0,-11.32,9.0,0.0,0.0,180.0
0.0,181.22,180.0,-10.88,9.0,0.0,0.0,180.0
0.0,181.26,180.0,-11.32,12.0,3.0,0.04,180.0
0.0,181.32,180.0,-11.77,12.0,3.0,0.04,180.0
0.0,181.28,180.0,-11.64,12.0,3.0,0.04,180.0
0.0,181.33,180.0,-11.77,12.0,3.0,0.04,180.0
0.0,181.46,180.0,-13.16,12.0,3.0,0.04,180.0
0.0,181.57,180.0,-13.98,12.0,3.0,0.04,180.0
0.0,181.71,180.0,-15.31,12.0,3.0,0.04,180.0
0.0,181.79,180.0,-24.45,12.0,3.0,0.04,180.0
0.0,180.5,180.0,-8.04,12.0,3.0,0.04,180.0
0.0,180.32,180.0,-12.47,12.0,3.0,0.04,180.0
0.0,181.08,180.0,-27.65,12.0,3.0,0.04,180.0
0.0,178.49,180.0,10.75,12.0,3.0,0.04,180.0
0.0,179.61,180.0,-13.45,12.0,3.0,0.04,180.0
0.0,178.26,180.0,24.23,12.0,3.0,0.04,180.0
0.0,180.17,180.0,-6.21,12.0,3.0,0.04,180.0
0.0,180.65,180.0,-17.63,12.0,3.0,0.04,180.0
0.0,180.7,180.0,-8.61,12.0,3.0,0.04,180.0
0.0,179.91,180.0,-9.33,12.0,3.0,0.04,180.0
0.0,180.69,180.0,-3.35,12.0,3.0,0.04,180.0
0.0,179.92,180.0,-12.12,12.0,3.0,0.04,180.0
0.0,180.08,180.0,-3.46,12.0,3.0,0.04,180.0
0.0,179.32,180.0,4.65,12.0,3.0,0.04,180.0
0.0,179.33,180.0,7.13,12.0,3.0,0.04,180.0
0.0,179.43,180.0,6.52,12.0,3.0,0.04,180.0
0.0,179.68,180.0,5.63,12.0,3.0,0.04,180.0
0.0,180.04,180.0,0.04,12.0,3.0,0.04,180.0
0.0,180.29,180.0,-2.13,12.0,3.0,0.04,180.0
0.0,180.07,180.0,1.87,12.0,3.0,0.04,180.0
0.0,180.57,180.0,-6.11,12.0,3.0,0.04,180.0
0.0,179.87,180.0,-2.49,12.0,3.0,0.04,180.0
0.0,179.92,180.0,2.66,12.0,3.0,0.04,180.0
0.0,180.36,180.0,-13.67,12.0,3.0,0.04,180.0
0.0,179.29,180.0,17.31,12.0,3.0,0.04,180.0
0.0,180.32,180.0,-14.23,12.0,3.0,0.04,180.0
0.0,179.45,180.0,13.44,12.0,3.0,0.04,180.0
0.0,180.55,180.0,255.0,12.0,3.0,0.04,180.0
0.0,182.63,180.0,-20.58,12.0,3.0,0.04,180.0
0.0,179.69,180.0,-2.98,12.0,3.0,0.04,180.0
0.0,179.91,180.0,9.28,12.0,3.0,0.04,180.0
0.0,180.79,180.0,-30.15,12.0,3.0,0.04,180.0
0.0,178.83,180.0,27.33,12.0,3.0,0.04,180.0
0.0,180.52,180.0,-14.18,12.0,3.0,0.04,180.0
0.0,178.92,180.0,9.34,12.0,3.0,0.04,180.0
0.0,180.38,180.0,4.06,12.0,3.0,0.04,180.0
0.0,178.61,180.0,5.59,12.0,3.0,0.04,180.0
0.0,181.48,180.0,-1.25,12.0,3.0,0.04,180.0
0.0,180.08,180.0,-13.88,12.0,3.0,0.04,180.0
0.0,181.21,180.0,-21.88,12.0,3.0,0.04,180.0
0.0,181.19,180.0,-21.39,12.0,3.0,0.04,180.0
0.0,180.37,180.0,-19.5,12.0,3.0,0.04,180.0
0.0,180.38,180.0,-8.26,12.0,3.0,0.04,180.0
0.0,179.49,180.0,2.2,12.0,3.0,0.04,180.0
0.0,178.74,180.0,18.22,12.0,3.0,0.04,180.0
0.0,179.71,180.0,-7.85,12.0,3.0,0.04,180.0
0.0,179.59,180.0,3.28,12.0,3.0,0.04,180.0
0.0,179.94,180.0,1.61,12.0,3.0,0.04,180.0
0.0,180.35,180.0,2.24,12.0,3.0,0.04,180.0
0.0,180.46,180.0,-8.66,12.0,3.0,0.04,180.0
0.0,180.25,180.0,-11.67,12.0,3.0,0.04,180.0
0.0,179.82,180.0,-1.1,12.0,3.0,0.04,180.0
0.0,179.4,180.0,6.34,12.0,3.0,0.04,180.0
0.0,180.03,180.0,2.34,12.0,3.0,0.04,180.0
0.0,179.9,180.0,2.54,12.0,3.0,0.04,180.0
0.0,180.11,180.0,-0.63,12.0,3.0,0.04,180.0
0.0,180.43,180.0,-5.48,12.0,3.0,0.04,180.0
0.0,180.35,180.0,-6.0,12.0,3.0,0.04,180.0
0.0,179.89,180.0,-2.43,12.0,3.0,0.04,180.0
0.0,179.38,180.0,7.43,12.0,3.0,0.04,180.0
0.0,179.27,180.0,9.99,12.0,3.0,0.04,180.0
0.0,178.68,180.0,20.2,12.0,3.0,0.04,180.0
0.0,179.87,180.0,0.88,12.0,3.0,0.04,180.0
0.0,180.27,180.0,11.32,12.0,3.0,0.04,180.0
0.0,181.04,180.0,-12.62,12.0,3.0,0.04,180.0
0.0,180.45,180.0,-7.99,12.0,3.0,0.04,180.0
0.0,180.4,180.0,-5.16,12.0,3.0,0.04,180.0
0.0,179.94,180.0,-0.06,12.0,3.0,0.04,180.0
0.0,179.19,180.0,12.55,12.0,3.0,0.04,180.0
0.0,180.27,180.0,1.31,12.0,3.0,0.04,180.0
0.0,180.35,180.0,-6.42,12.0,3.0,0.04,180.0
0.0,179.77,180.0,8.91,12.0,3.0,0.04,180.0
0.0,179.76,180.0,4.3,12.0,3.0,0.04,180.0
0.0,179.53,180.0,4.81,12.0,3.0,0.04,180.0
0.0,180.59,180.0,-17.95,12.0,3.0,0.04,180.0
0.0,179.98,180.0,0.45,12.0,3.0,0.04,180.0
0.0,180.01,180.0,2.4,12.0,3.0,0.04,180.0
0.0,179.77,180.0,3.66,12.0,3.0,0.04,180.0
0.0,179.76,180.0,2.96,12.0,3.0,0.04,180.0
0.0,179.56,180.0,5.94,12.0,3.0,0.04,180.0
0.0,179.5,180.0,7.29,12.0,3.0,0.04,180.0
0.0,180.54,180.0,-10.0,12.0,3.0,0.04,180.0
0.0,180.46,180.0,-4.04,12.0,3.0,0.04,180.0
0.0,180.52,180.0,-9.72,12.0,3.0,0.04,180.0
0.0,180.99,180.0,-18.22,12.0,3.0,0.04,180.0
0.0,180.6,180.0,-8.38,12.0,3.0,0.04,180.0
0.0,179.25,180.0,2.21,12.0,3.0,0.04,180.0
0.0,180.09,180.0,-9.52,12.0,3.0,0.04,180.0
0.0,178.99,180.0,13.45,12.0,3.0,0.04,180.0
0.0,180.1,180.0,-3.4,12.0,3.0,0.04,180.0
0.0,180.46,180.0,-10.43,12.0,3.0,0.04,180.0
0.0,179.78,180.0,-0.77,12.0,3.0,0.04,180.0
0.0,179.55,180.0,3.78,12.0,3.0,0.04,180.0
0.0,179.24,180.0,11.7,12.0,3.0,0.04,180.0
0.0,179.93,180.0,1.49,12.0,3.0,0.04,180.0
0.0,179.9,180.0,-1.48,12.0,3.0,0.04,180.0
0.0,180.39,180.0,-6.26,12.0,3.0,0.04,180.0
0.0,181.33,180.0,-21.02,12.0,3.0,0.04,180.0
0.0,179.58,180.0,13.8,12.0,3.0,0.04,180.0
0.0,179.72,180.0,5.35,12.0,3.0,0.04,180.0
0.0,179.25,180.0,11.01,12.0,3.0,0.04,180.0
0.0,180.11,180.0,-8.81,12.0,3.0,0.04,180.0
0.0,180.38,180.0,-15.31,12.0,3.0,0.04,180.0
0.0,179.68,180.0,10.59,12.0,3.0,0.04,180.0
0.0,181.02,180.0,-19.36,12.0,3.0,0.04,180.0
0.0,179.59,180.0,5.86,12.0,3.0,0.04,180.0
0.0,179.81,180.0,2.0,12.0,3.0,0.04,180.0
0.0,179.08,180.0,12.71,12.0,3.0,0.04,180.0
0.0,180.13,180.0,-10.23,12.0,3.0,0.04,180.0
0.0,180.36,180.0,-6.99,12.0,3.0,0.04,180.0
0.0,179.91,180.0,11.42,12.0,3.0,0.04,180.0
0.0,180.47,180.0,-8.22,12.0,3.0,0.04,180.0
0.0,179.95,180.0,-2.31,12.0,3.0,0.04,180.0
0.0,179.68,180.0,1.84,12.0,3.0,0.04,180.0
0.0,179.78,180.0,0.28,12.0,3.0,0.04,180.0
0.0,179.84,180.0,2.5,12.0,3.0,0.04,180.0
0.0,180.1,180.0,-1.35,12.0,3.0,0.04,180.0
0.0,180.53,180.0,-8.77,12.0,3.0,0.04,180.0
0.0,179.9,180.0,1.4,12.0,3.0,0.04,180.0
0.0,179.68,180.0,5.85,12.0,3.0,0.04,180.0
0.0,179.71,180.0,0.8,12.0,3.0,0.04,180.0
0.0,179.65,180.0,3.82,12.0,3.0,0.04,180.0
0.0,180.87,180.0,-14.81,12.0,3.0,0.04,180.0
0.0,179.6,180.0,8.74,12.0,3.0,0.04,180.0
0.0,180.09,180.0,2.01,12.0,3.0,0.04,180.0
0.0,180.05,180.0,-1.73,12.0,3.0,0.04,180.0
0.0,179.54,180.0,9.06,12.0,3.0,0.04,180.0
0.0,180.45,180.0,-7.54,12.0,3.0,0.04,180.0
0.0,179.63,180.0,1.51,12.0,3.0,0.04,180.0
0.0,180.0,180.0,6.27,12.0,3.0,0.04,180.0
0.0,180.16,180.0,-4.38,12.0,3.0,0.04,180.0
0.0,179.82,180.0,2.37,12.0,3.0,0.04,180.0
0.0,180.04,180.0,-6.23,12.0,3.0,0.04,180.0
0.0,179.3,180.0,16.98,12.0,3.0,0.04,180.0
0.0,181.05,180.0,-24.55,12.0,3.0,0.04,180.0
0.0,179.33,180.0,15.97,12.0,3.0,0.04,180.0
0.0,179.99,180.0,-1.8,12.0,3.0,0.04,180.0
0.0,179.52,180.0,6.17,12.0,3.0,0.04,180.0
0.0,179.71,180.0,5.19,12.0,3.0,0.04,180.0
0.0,179.78,180.0,3.95,12.0,3.0,0.04,180.0
0.0,180.04,180.0,2.63,12.0,3.0,0.04,180.0
0.0,180.52,180.0,-5.28,12.0,3.0,0.04,180.0
0.0,180.22,180.0,-1.86,12.0,3.0,0.04,180.0
0.0,179.99,180.0,-0.99,12.0,3.0,0.04,180.0
0.0,179.39,180.0,9.39,12.0,3.0,0.04,180.0
0.0,178.73,180.0,22.95,12.0,3.0,0.04,180.0
0.0,181.0,180.0,-20.33,12.0,3.0,0.04,180.0
0.0,180.23,180.0,-0.2,12.0,3.0,0.04,180.0
0.0,180.66,180.0,-7.21,12.0,3.0,0.04,180.0
0.0,180.77,180.0,-11.11,12.0,3.0,0.04,180.0
0.0,180.81,180.0,-13.85,12.0,3.0,0.04,180.0
0.0,179.71,180.0,3.09,12.0,3.0,0.04,180.0
0.0,179.94,180.0,-6.4,12.0,3.0,0.04,180.0
0.0,179.56,180.0,2.2,12.0,3.0,0.04,180.0
0.0,178.67,180.0,17.41,12.0,3.0,0.04,180.0
0.0,179.05,180.0,11.51,12.0,3.0,0.04,180.0
0.0,179.64,180.0,5.09,12.0,3.0,0.04,180.0
0.0,180.86,180.0,-7.07,12.0,3.0,0.04,180.0
0.0,179.79,180.0,6.58,12.0,3.0,0.04,180.0
0.0,181.19,180.0,-11.61,12.0,3.0,0.04,180.0
0.0,180.46,180.0,-18.59,12.0,3.0,0.04,180.0
0.0,179.98,180.0,5.46,12.0,3.0,0.04,180.0
0.0,179.97,180.0,-8.81,12.0,3.0,0.04,180.0
0.0,179.54,180.0,5.25,12.0,3.0,0.04,180.0
0.0,179.47,180.0,6.45,12.0,3.0,0.04,180.0
0.0,179.55,180.0,7.85,12.0,3.0,0.04,180.0
0.0,180.06,180.0,-5.09,12.0,3.0,0.04,180.0
0.0,179.84,180.0,9.94,12.0,3.0,0.04,180.0
0.0,180.02,180.0,-2.56,12.0,3.0,0.04,180.0
0.0,180.17,180.0,-4.27,12.0,3.0,0.04,180.0
0.0,180.33,180.0,-5.21,12.0,3.0,0.04,180.0
0.0,180.02,180.0,-2.43,12.0,3.0,0.04,180.0
0.0,179.66,180.0,5.48,12.0,3.0,0.04,180.0
0.0,180.34,180.0,-5.85,12.0,3.0,0.04,180.0
0.0,179.98,180.0,-2.31,12.0,3.0,0.04,180.0
0.0,179.75,180.0,2.12,12.0,3.0,0.04,180.0
0.0,179.98,180.0,3.03,12.0,3.0,0.04,180.0
0.0,184.54,180.0,-90.71,12.0,3.0,0.04,180.0
0.0,183.38,180.0,-44.0,12.0,3.0,0.04,180.0
0.0,176.77,180.0,35.37,12.0,3.0,0.04,180.0
0.0,185.1,180.0,-98.22,12.0,3.0,0.04,180.0
0.0,179.55,180.0,-0.59,12.0,3.0,0.04,180.0
0.0,178.75,180.0,-45.12,12.0,3.0,0.04,180.0
0.0,182.45,180.0,-52.61,12.0,3.0,0.04,180.0
0.0,175.79,180.0,42.1,12.0,3.0,0.04,180.0
0.0,183.2,180.0,-74.35,12.0,3.0,0.04,180.0
0.0,176.39,180.0,42.07,12.0,3.0,0.04,180.0
0.0,182.32,180.0,-92.75,12.0,3.0,0.04,180.0
0.0,178.32,180.0,18.16,12.0,3.0,0.04,180.0
0.0,179.98,180.0,-53.79,12.0,3.0,0.04,180.0
0.0,179.54,180.0,3.24,12.0,3.0,0.04,180.0
0.0,179.34,180.0,-32.75,12.0,3.0,0.04,180.0
0.0,179.11,180.0,11.74,12.0,3.0,0.04,180.0
0.0,179.83,180.0,-28.48,12.0,3.0,0.04,180.0
0.0,177.86,180.0,32.24,12.0,3.0,0.04,180.0
0.0,180.35,180.0,-24.39,12.0,3.0,0.04,180.0
0.0,177.87,180.0,37.91,12.0,3.0,0.04,180.0
0.0,180.6,180.0,-25.89,12.0,3.0,0.04,180.0
0.0,177.56,180.0,47.4,12.0,3.0,0.04,180.0
0.0,180.99,180.0,-15.99,12.0,3.0,0.04,180.0
0.0,179.19,180.0,11.41,12.0,3.0,0.04,180.0
0.0,180.2,180.0,9.51,12.0,3.0,0.04,180.0
0.0,181.02,180.0,-19.68,12.0,3.0,0.04,180.0
0.0,180.83,180.0,1.82,12.0,3.0,0.04,180.0
0.0,181.3,180.0,-33.21,12.0,3.0,0.04,180.0
0.0,179.31,180.0,20.26,12.0,3.0,0.04,180.0
0.0,180.29,180.0,-13.22,12.0,3.0,0.04,180.0
0.0,179.75,180.0,-3.9,12.0,3.0,0.04,180.0
0.0,179.54,180.0,4.31,12.0,3.0,0.04,180.0
0.0,179.71,180.0,3.63,12.0,3.0,0.04,180.0
0.0,180.26,180.0,-6.08,12.0,3.0,0.04,180.0
0.0,179.63,180.0,3.3,12.0,3.0,0.04,180.0
0.0,180.05,180.0,9.7,12.0,3.0,0.04,180.0
0.0,178.89,180.0,16.71,12.0,3.0,0.04,180.0
0.0,179.41,180.0,7.02,12.0,3.0,0.04,180.0
0.0,178.92,180.0,36.92,12.0,3.0,0.04,180.0
0.0,180.62,180.0,-14.04,12.0,3.0,0.04,180.0
0.0,180.13,180.0,11.05,12.0,3.0,0.04,180.0
0.0,180.38,180.0,3.16,12.0,3.0,0.04,180.0
0.0,173.29,180.0,101.96,12.0,3.0,0.04,180.0
0.0,182.52,180.0,-37.74,12.0,3.0,0.04,180.0
0.0,176.76,180.0,114.9,12.0,3.0,0.04,180.0
0.0,179.56,180.0,10.73,12.0,3.0,0.04,180.0
0.0,182.32,180.0,27.6,12.0,3.0,0.04,180.0
0.0,177.43,180.0,43.13,12.0,3.0,0.04,180.0
0.0,184.67,180.0,-52.28,12.0,3.0,0.04,180.0
0.0,177.85,180.0,48.34,12.0,3.0,0.04,180.0
0.0,183.76,180.0,-42.09,12.0,3.0,0.04,180.0
0.0,178.86,180.0,50.41,12.0,3.0,0.04,180.0
0.0,183.27,180.0,-42.55,12.0,3.0,0.04,180.0
0.0,179.08,180.0,29.25,12.0,3.0,0.04,180.0
0.0,181.85,180.0,-9.63,12.0,3.0,0.04,180.0
0.0,181.1,180.0,-13.78,12.0,3.0,0.04,180.0
0.0,180.37,180.0,5.53,12.0,3.0,0.04,180.0
0.0,181.79,180.0,-27.01,12.0,3.0,0.04,180.0
0.0,179.69,180.0,5.16,12.0,3.0,0.04,180.0
0.0,180.19,180.0,-4.69,12.0,3.0,0.04,180.0
0.0,179.67,180.0,-6.03,12.0,3.0,0.04,180.0
0.0,179.5,180.0,3.82,12.0,3.0,0.04,180.0
0.0,178.75,180.0,15.69,12.0,3.0,0.04,180.0
0.0,178.44,180.0,16.44,12.0,3.0,0.04,180.0
0.0,180.66,180.0,-2.02,12.0,3.0,0.04,180.0
0.0,180.07,180.0,-0.11,12.0,3.0,0.04,180.0
0.0,180.02,180.0,5.8,12.0,3.0,0.04,180.0
0.0,180.55,180.0,-2.56,12.0,3.0,0.04,180.0
0.0,180.23,180.0,-8.26,12.0,3.0,0.04,180.0
0.0,180.06,180.0,0.54,12.0,3.0,0.04,180.0
0.0,180.34,180.0,-5.58,12.0,3.0,0.04,180.0
0.0,179.75,180.0,3.54,12.0,3.0,0.04,180.0
0.0,181.0,180.0,-15.96,12.0,3.0,0.04,180.0
0.0,179.37,180.0,1.85,12.0,3.0,0.04,180.0
0.0,179.98,180.0,4.88,12.0,3.0,0.04,180.0
0.0,179.99,180.0,-12.07,12.0,3.0,0.04,180.0
0.0,179.98,180.0,11.3,12.0,3.0,0.04,180.0
0.0,179.85,180.0,-5.83,12.0,3.0,0.04,180.0
0.0,179.8,180.0,0.26,12.0,3.0,0.04,180.0
0.0,180.35,180.0,-5.83,12.0,3.0,0.04,180.0
0.0,179.39,180.0,6.24,12.0,3.0,0.04,180.0
0.0,180.5,180.0,-13.97,12.0,3.0,0.04,180.0
0.0,177.9,180.0,52.37,12.0,3.0,0.04,180.0
0.0,180.31,180.0,-19.74,12.0,3.0,0.04,180.0
0.0,178.96,180.0,41.06,12.0,3.0,0.04,180.0
0.0,181.31,180.0,-30.88,12.0,3.0,0.04,180.0
0.0,178.46,180.0,45.79,12.0,3.0,0.04,180.0
0.0,181.18,180.0,-26.84,12.0,3.0,0.04,180.0
0.0,178.63,180.0,42.23,12.0,3.0,0.04,180.0
0.0,181.35,180.0,-31.53,12.0,3.0,0.04,180.0
0.0,178.7,180.0,37.88,12.0,3.0,0.04,180.0
0.0,180.82,180.0,-42.93,12.0,3.0,0.04,180.0
0.0,179.46,180.0,20.2,12.0,3.0,0.04,180.0
0.0,181.18,180.0,-23.24,12.0,3.0,0.04,180.0
0.0,177.92,180.0,39.75,12.0,3.0,0.04,180.0
0.0,181.93,180.0,-38.82,12.0,3.0,0.04,180.0
0.0,195.55,180.0,-62.38,12.0,3.0,0.04,180.0
0.0,246.63,180.0,-239.73,12.0,3.0,0.04,180.0
0.0,180.16,180.0,-1.25,9.0,0.0,0.0,180.0
0.097,180.24,180.0,-2.14,9.0,0.0,0.0,180.0
0.198,180.18,180.0,-1.75,9.0,0.0,0.0,180.0
0.295,180.09,180.0,-0.74,9.0,0.0,0.0,180.0
0.396,180.14,180.0,-1.18,9.0,0.0,0.0,180.0
0.56,180.09,180.0,-0.94,9.0,0.0,0.0,180.0
0.596,179.98,180.0,0.13,9.0,0.0,0.0,180.0
0.765,179.92,180.0,0.69,9.0,0.0,0.0,180.0
0.818,179.75,180.0,2.16,9.0,0.0,0.0,180.0
0.894,179.8,180.0,1.91,9.0,0.0,0.0,180.0
1.072,179.85,180.0,1.46,9.0,0.0,0.0,180.0
1.1,179.98,180.0,0.32,9.0,0.0,0.0,180.0
1.193,180.17,180.0,-1.38,9.0,0.0,0.0,180.0
1.319,180.27,180.0,-2.47,9.0,0.0,0.0,180.0
1.394,180.21,180.0,-2.02,9.0,0.0,0.0,180.0
1.494,180.03,180.0,-0.37,9.0,0.0,0.0,180.0
1.594,180.07,180.0,-0.43,9.0,0.0,0.0,180.0
1.693,180.29,180.0,-2.6,9.0,0.0,0.0,180.0
1.793,180.32,180.0,-2.91,9.0,0.0,0.0,180.0
1.893,180.36,180.0,-3.16,9.0,0.0,0.0,180.0
1.993,180.41,180.0,-3.6,9.0,0.0,0.0,180.0
2.099,180.43,180.0,-4.06,9.0,0.0,0.0,180.0
2.194,180.1,180.0,-1.2,9.0,0.0,0.0,180.0
2.295,179.71,180.0,2.24,9.0,0.0,0.0,180.0
2.394,179.29,180.0,5.98,9.0,0.0,0.0,180.0
2.505,179.1,180.0,8.09,9.0,0.0,0.0,180.0
2.607,179.31,180.0,6.56,9.0,0.0,0.0,180.0
2.694,179.59,180.0,3.88,9.0,0.0,0.0,180.0
2.811,179.65,180.0,3.12,9.0,0.0,0.0,180.0
2.894,179.51,180.0,4.19,9.0,0.0,0.0,180.0
3.025,179.31,180.0,6.24,9.0,0.0,0.0,180.0
3.094,179.51,180.0,4.58,9.0,0.0,0.0,180.0
3.193,179.63,180.0,3.37,9.0,0.0,0.0,180.0
3.294,179.51,180.0,4.28,9.0,0.0,0.0,180.0
3.394,179.45,180.0,4.97,9.0,0.0,0.0,180.0
3.496,179.57,180.0,4.02,9.0,0.0,0.0,180.0
3.595,179.72,180.0,2.62,9.0,0.0,0.0,180.0
3.696,179.94,180.0,0.79,9.0,0.0,0.0,180.0
3.796,189.14,180.0,118.1,9.0,0.0,0.0,180.0
18.527,179.61,180.0,3.63,9.0,0.0,0.0,180.0
19.008,180.24,180.0,-2.0,9.0,0.0,0.0,180.0
19.132,180.52,180.0,-4.57,9.0,0.0,0.0,180.0
19.153,180.64,180.0,-5.63,9.0,0.0,0.0,180.0
19.251,180.66,180.0,-5.9,9.0,0.0,0.0,180.0
19.322,180.65,180.0,-5.9,9.0,0.0,0.0,180.0
19.422,180.7,180.0,-6.23,9.0,0.0,0.0,180.0
19.522,180.65,180.0,-6.02,9.0,0.0,0.0,180.0
19.621,180.7,180.0,-6.18,9.0,0.0,0.0,180.0
19.722,180.85,180.0,-7.63,9.0,0.0,0.0,180.0
19.825,180.76,180.0,-6.95,9.0,0.0,0.0,180.0
19.962,180.58,180.0,-5.38,9.0,0.0,0.0,180.0
20.027,180.87,180.0,-7.3,9.0,0.0,0.0,180.0
20.122,181.58,180.0,-13.9,9.0,0.0,0.0,180.0
20.22,181.87,180.0,-16.56,9.0,0.0,0.0,180.0
20.32,181.97,180.0,-17.99,9.0,0.0,0.0,180.0
20.599,181.51,180.0,-14.02,9.0,0.0,0.0,180.0
20.6,181.39,180.0,-12.38,9.0,0.0,0.0,180.0
20.634,181.37,180.0,-12.48,9.0,0.0,0.0,180.0
20.719,181.27,180.0,-11.54,9.0,0.0,0.0,180.0
20.82,181.28,180.0,-11.51,9.0,0.0,0.0,180.0
20.92,181.13,180.0,-10.43,9.0,0.0,0.0,180.0
21.02,180.82,180.0,-7.65,9.0,0.0,0.0,180.0
21.119,180.7,180.0,-6.2,9.0,0.0,0.0,180.0
21.22,180.88,180.0,-7.7,9.0,0.0,0.0,180.0
21.32,181.17,180.0,-10.16,9.0,0.0,0.0,180.0
21.42,181.31,180.0,-11.91,9.0,0.0,0.0,180.0
21.52,181.19,180.0,-10.67,9.0,0.0,0.0,180.0
21.62,181.03,180.0,-9.41,9.0,0.0,0.0,180.0
21.72,180.97,180.0,-8.7,9.0,0.0,0.0,180.0
21.82,181.09,180.0,-9.68,9.0,0.0,0.0,180.0
21.92,181.32,180.0,-11.68,9.0,0.0,0.0,180.0
22.02,181.33,180.0,-11.98,9.0,0.0,0.0,180.0
22.12,181.24,180.0,-11.14,9.0,0.0,0.0,180.0
22.219,181.18,180.0,-10.78,9.0,0.0,0.0,180.0
22.34,181.21,180.0,-10.73,9.0,0.0,0.0,180.0
22.42,181.37,180.0,-12.18,9.0,0.0,0.0,180.0
22.63,181.29,180.0,-11.76,9.0,0.0,0.0,180.0
22.631,181.13,180.0,-10.26,9.0,0.0,0.0,180.0
22.719,181.09,180.0,-9.82,9.0,0.0,0.0,180.0
22.82,181.11,180.0,-9.94,9.0,0.0,0.0,180.0
22.921,181.2,180.0,-10.73,9.0,0.0,0.0,180.0
23.022,181.21,180.0,-11.01,9.0,0.0,0.0,180.0
23.12,181.06,180.0,-9.69,9.0,0.0,0.0,180.0
23.22,181.02,180.0,-9.21,9.0,0.0,0.0,180.0
23.319,181.01,180.0,-9.21,9.0,0.0,0.0,180.0
23.419,180.89,180.0,-8.17,12.0,3.0,0.04,180.0
23.522,180.96,180.0,-8.57,12.0,3.0,0.04,180.0
23.622,180.92,180.0,-8.24,12.0,3.0,0.04,180.0
23.721,181.12,180.0,-9.9,12.0,3.0,0.04,180.0
23.859,181.06,180.0,-9.76,12.0,3.0,0.04,180.0
23.923,180.8,180.0,-7.32,12.0,3.0,0.04,180.0
24.024,180.75,180.0,-6.7,12.0,3.0,0.04,180.0
24.12,180.8,180.0,-7.21,12.0,3.0,0.04,180.0
24.287,180.74,180.0,-6.74,12.0,3.0,0.04,180.0
24.323,180.66,180.0,-5.89,12.0,3.0,0.04,180.0
24.421,180.61,180.0,-5.57,12.0,3.0,0.04,180.0
24.52,180.61,180.0,-5.5,12.0,3.0,0.04,180.0
24.62,180.74,180.0,-6.59,12.0,3.0,0.04,180.0
24.719,180.79,180.0,-7.21,12.0,3.0,0.04,180.0
24.819,180.55,180.0,-5.07,12.0,3.0,0.04,180.0
24.92,180.62,180.0,-5.57,12.0,3.0,0.04,180.0
25.02,180.63,180.0,-5.57,12.0,3.0,0.04,180.0
25.138,180.67,180.0,-6.01,12.0,3.0,0.04,180.0
25.227,180.57,180.0,-5.34,12.0,3.0,0.04,180.0
25.331,180.34,180.0,-3.25,12.0,3.0,1.09,180.0
25.419,180.25,180.0,-2.37,12.0,3.0,1.21,180.0
25.524,180.28,180.0,-2.45,12.0,3.0,1.21,180.0
25.62,180.32,180.0,-2.76,12.0,3.0,1.29,180.0
25.719,180.5,180.0,-4.49,12.0,3.0,1.29,180.0
25.82,180.36,180.0,-3.41,12.0,3.0,1.29,180.0
25.92,180.36,180.0,-3.18,12.0,3.0,1.29,180.0
26.02,180.39,180.0,-3.57,12.0,3.0,1.29,180.0
26.119,180.46,180.0,-3.89,12.0,3.0,1.29,180.0
26.231,180.84,180.0,-7.52,12.0,3.0,1.29,180.0
26.333,180.71,180.0,-6.5,12.0,3.0,1.29,180.0
26.42,180.72,180.0,-6.36,12.0,3.0,1.29,180.0
26.642,180.78,180.0,-7.13,12.0,3.0,1.29,180.0
26.642,180.64,180.0,-5.89,12.0,3.0,1.29,180.0
26.72,180.62,180.0,-5.52,12.0,3.0,1.29,180.0
26.82,180.85,180.0,-7.37,12.0,3.0,1.29,180.0
26.938,180.98,180.0,-8.75,12.0,3.0,1.29,180.0
27.02,180.88,180.0,-7.88,12.0,3.0,1.29,180.0
27.119,180.91,180.0,-8.37,12.0,3.0,1.29,180.0
27.221,180.76,180.0,-6.97,12.0,3.0,1.29,180.0
27.32,180.44,180.0,-4.16,12.0,3.0,1.29,180.0
27.42,180.36,180.0,-3.11,12.0,3.0,1.29,180.0
27.519,180.47,180.0,-4.12,12.0,3.0,1.29,180.0
27.62,180.55,180.0,-4.89,12.0,3.0,1.29,180.0
27.72,180.55,180.0,-5.1,12.0,3.0,1.29,180.0
27.819,180.49,180.0,-4.4,12.0,3.0,1.29,180.0
27.919,180.55,180.0,-4.9,12.0,3.0,1.29,180.0
28.02,180.64,180.0,-5.67,12.0,3.0,1.29,180.0
28.12,180.59,180.0,-5.36,12.0,3.0,1.29,180.0
28.292,180.59,180.0,-5.27,12.0,3.0,0.04,180.0
28.327,180.54,180.0,-4.89,12.0,3.0,0.04,180.0
28.496,180.8,180.0,-6.93,12.0,3.0,0.04,180.0
28.591,180.87,180.0,-7.75,12.0,3.0,0.04,180.0
28.619,180.82,180.0,-7.58,12.0,3.0,0.04,180.0
28.719,180.69,180.0,-6.29,12.0,3.0,0.04,180.0
28.82,180.58,180.0,-5.36,12.0,3.0,0.04,180.0
28.92,180.53,180.0,-4.82,12.0,3.0,0.04,180.0
29.02,180.52,180.0,-4.64,12.0,3.0,0.04,180.0
29.12,180.53,180.0,-4.73,12.0,3.0,0.04,180.0
29.22,180.59,180.0,-5.31,12.0,3.0,0.04,180.0
29.319,180.6,180.0,-5.33,12.0,3.0,0.04,180.0
29.419,180.69,180.0,-6.15,12.0,3.0,0.04,180.0
29.524,180.72,180.0,-6.39,12.0,3.0,0.04,180.0
29.622,180.63,180.0,-5.8,12.0,3.0,0.04,180.0
29.723,180.6,180.0,-5.54,12.0,3.0,0.04,180.0
29.822,180.35,180.0,-3.32,12.0,3.0,0.04,180.0
29.92,180.48,180.0,-3.86,12.0,3.0,0.04,180.0
30.02,180.81,180.0,-7.25,12.0,3.0,0.04,180.0
30.119,180.59,180.0,-5.59,12.0,3.0,0.04,180.0
30.258,180.36,180.0,-3.38,12.0,3.0,0.04,180.0
30.321,180.2,180.0,-1.95,12.0,3.0,0.04,180.0
30.42,180.01,180.0,-0.29,12.0,3.0,0.04,180.0
30.531,180.09,180.0,-0.51,12.0,3.0,0.04,180.0
30.619,180.33,180.0,-2.86,12.0,3.0,0.04,180.0
30.719,180.28,180.0,-2.79,12.0,3.0,0.04,180.0
30.821,179.95,180.0,0.29,12.0,3.0,0.04,180.0
30.921,180.07,180.0,-0.38,12.0,3.0,0.04,180.0
31.022,180.36,180.0,-3.12,12.0,3.0,0.04,180.0
31.121,180.25,180.0,-2.48,12.0,3.0,0.04,180.0
31.221,180.01,180.0,-0.23,12.0,3.0,0.04,180.0
31.32,179.97,180.0,0.36,12.0,3.0,0.04,180.0
31.42,180.19,180.0,-1.5,12.0,3.0,0.04,180.0
31.539,180.31,180.0,-2.78,12.0,3.0,0.04,180.0
31.621,180.27,180.0,-2.57,12.0,3.0,0.04,180.0
31.721,180.22,180.0,-1.93,12.0,3.0,0.04,180.0
31.821,180.38,180.0,-3.25,12.0,3.0,0.04,180.0
31.92,180.45,180.0,-4.23,12.0,3.0,0.04,180.0
32.022,180.21,180.0,-2.01,12.0,3.0,0.04,180.0
32.12,180.22,180.0,-1.79,12.0,3.0,0.04,180.0
32.275,180.45,180.0,-3.93,12.0,3.0,0.04,180.0
32.324,180.33,180.0,-3.2,12.0,3.0,0.04,180.0
32.423,180.1,180.0,-1.02,12.0,3.0,0.04,180.0
32.52,180.17,180.0,-2.92,12.0,3.0,0.04,180.0
32.625,179.96,180.0,1.62,12.0,3.0,0.04,180.0
32.727,179.5,180.0,6.93,12.0,3.0,0.04,180.0
32.826,179.91,180.0,0.32,12.0,3.0,0.04,180.0
32.925,179.81,180.0,4.83,12.0,3.0,0.04,180.0
33.037,179.9,180.0,2.45,12.0,3.0,0.04,180.0
33.12,180.22,180.0,-1.36,12.0,3.0,0.04,180.0
33.225,180.61,180.0,-8.18,12.0,3.0,0.04,180.0
33.324,181.05,180.0,-15.38,12.0,3.0,0.04,180.0
33.426,180.77,180.0,-13.05,12.0,3.0,0.04,180.0
33.526,180.71,180.0,-16.81,12.0,3.0,0.04,180.0
33.624,180.76,180.0,-20.33,12.0,3.0,0.04,180.0
33.721,180.47,180.0,-18.22,12.0,3.0,0.04,180.0
33.822,180.34,180.0,-18.12,12.0,3.0,0.04,180.0
33.921,180.3,180.0,-19.54,12.0,3.0,0.04,180.0
34.022,180.38,180.0,-21.56,12.0,3.0,0.04,180.0
34.125,180.41,180.0,-23.45,12.0,3.0,0.04,180.0
34.321,180.42,180.0,-24.8,12.0,3.0,0.04,180.0
34.321,181.44,180.0,-47.27,12.0,3.0,0.04,180.0
34.42,183.39,180.0,-77.85,12.0,3.0,0.04,180.0
34.629,179.6,180.0,-14.97,12.0,3.0,0.04,180.0
34.629,176.11,180.0,24.88,12.0,3.0,0.04,180.0
34.725,175.3,180.0,45.95,12.0,3.0,0.04,180.0
34.822,174.61,180.0,64.7,12.0,3.0,0.04,180.0
34.921,177.47,180.0,35.9,12.0,3.0,0.04,180.0
35.021,179.74,180.0,22.62,12.0,3.0,0.04,180.0
35.121,179.43,180.0,32.96,12.0,3.0,0.04,180.0
35.22,179.42,180.0,30.61,12.0,3.0,0.04,180.0
35.32,180.39,180.0,20.29,12.0,3.0,0.04,180.0
35.42,180.45,180.0,20.67,12.0,3.0,0.04,180.0
35.52,180.79,180.0,13.22,12.0,3.0,0.04,180.0
35.62,182.56,180.0,-20.09,12.0,3.0,0.04,180.0
35.72,186.86,180.0,-100.94,12.0,3.0,0.04,180.0
35.822,184.62,180.0,-58.3,12.0,3.0,0.04,180.0
35.921,180.37,180.0,-20.31,12.0,3.0,0.04,180.0
36.021,180.22,180.0,-40.75,12.0,3.0,0.04,180.0
36.12,181.62,180.0,-54.88,12.0,3.0,0.04,180.0
36.267,180.55,180.0,-38.14,12.0,3.0,0.04,180.0
36.364,179.41,180.0,-28.88,12.0,3.0,0.04,180.0
36.421,180.16,180.0,-41.53,12.0,3.0,0.04,180.0
36.778,180.09,180.0,-34.54,12.0,3.0,0.04,180.0
36.779,179.51,180.0,-29.46,12.0,3.0,0.04,180.0
36.779,179.75,180.0,-33.49,12.0,3.0,0.04,180.0
36.82,179.83,180.0,-30.35,12.0,3.0,0.04,180.0
37.086,179.56,180.0,-27.88,12.0,3.0,0.04,180.0
37.086,179.92,180.0,-32.87,12.0,3.0,0.04,180.0
37.12,179.46,180.0,-20.7,12.0,3.0,0.04,180.0
37.22,178.99,180.0,-15.37,12.0,3.0,0.04,180.0
37.319,179.29,180.0,-17.5,12.0,3.0,0.04,180.0
37.441,179.44,180.0,-15.52,12.0,3.0,0.04,180.0
37.52,178.9,180.0,-4.76,12.0,3.0,0.04,180.0
37.62,177.66,180.0,18.88,12.0,3.0,0.04,180.0
37.72,174.53,180.0,75.51,12.0,3.0,0.04,180.0
37.82,175.6,180.0,58.43,12.0,3.0,0.04,180.0
37.939,179.59,180.0,21.96,12.0,3.0,0.04,180.0
38.021,180.11,180.0,30.42,12.0,3.0,0.04,180.0
38.12,179.8,180.0,28.43,12.0,3.0,0.04,180.0
38.22,179.79,180.0,29.23,12.0,3.0,0.04,180.0
38.321,180.31,180.0,23.76,12.0,3.0,0.04,180.0
38.42,180.26,180.0,25.37,12.0,3.0,0.04,180.0
38.52,181.95,180.0,-2.74,12.0,3.0,0.04,180.0
38.619,182.26,180.0,-15.89,12.0,3.0,0.04,180.0
38.72,184.2,180.0,-49.27,12.0,3.0,0.04,180.0
39.031,183.94,180.0,-51.1,12.0,3.0,0.04,180.0
39.031,182.15,180.0,-39.29,12.0,3.0,0.04,180.0
39.031,180.64,180.0,-33.7,12.0,3.0,0.04,180.0
39.134,180.54,180.0,-35.57,12.0,3.0,0.04,180.0
39.239,180.56,180.0,-36.46,12.0,3.0,0.04,180.0
39.649,180.01,180.0,-32.17,12.0,3.0,0.04,180.0
39.649,179.58,180.0,-22.74,12.0,3.0,0.04,180.0
39.748,179.31,180.0,-20.96,12.0,3.0,0.04,180.0
39.819,179.68,180.0,-23.29,12.0,3.0,0.04,180.0
39.919,180.14,180.0,-28.96,12.0,3.0,0.04,180.0
40.021,180.08,180.0,-26.99,12.0,3.0,0.04,180.0
40.12,179.95,180.0,-26.21,12.0,3.0,0.04,180.0
40.22,179.95,180.0,-26.68,12.0,3.0,0.04,180.0
40.32,179.81,180.0,-22.92,12.0,3.0,0.04,180.0
40.42,179.57,180.0,-18.93,12.0,3.0,0.04,180.0
40.52,179.25,180.0,-12.9,12.0,3.0,0.04,180.0
40.62,178.75,180.0,-2.58,12.0,3.0,0.04,180.0
40.72,177.71,180.0,17.84,12.0,3.0,0.04,180.0
40.82,175.35,180.0,63.85,12.0,3.0,0.04,180.0
40.92,176.45,180.0,42.95,12.0,3.0,0.04,180.0
41.022,180.01,180.0,10.57,12.0,3.0,0.04,180.0
41.119,179.8,180.0,28.87,12.0,3.0,0.04,180.0
41.221,178.81,180.0,38.18,12.0,3.0,0.04,180.0
41.319,179.85,180.0,25.98,12.0,3.0,0.04,180.0
41.419,180.35,180.0,22.78,12.0,3.0,0.04,180.0
41.521,180.27,180.0,21.11,12.0,3.0,0.04,180.0
41.898,180.11,180.0,21.22,12.0,3.0,0.04,180.0
41.9,180.37,180.0,16.87,12.0,3.0,0.04,180.0
41.902,181.15,180.0,5.0,12.0,3.0,0.04,180.0
41.92,183.1,180.0,-30.82,12.0,3.0,0.04,180.0
42.119,186.47,180.0,-84.98,12.0,3.0,0.04,180.0
42.121,183.32,180.0,-45.59,12.0,3.0,0.04,180.0
42.31,179.9,180.0,-19.2,12.0,3.0,0.04,180.0
42.332,180.6,180.0,-40.66,12.0,3.0,0.04,180.0
42.42,181.33,180.0,-48.2,12.0,3.0,0.04,180.0
42.52,180.15,180.0,-31.38,12.0,3.0,0.04,180.0
42.62,179.56,180.0,-30.46,12.0,3.0,0.04,180.0
42.72,180.04,180.0,-36.54,12.0,3.0,0.04,180.0
42.82,180.21,180.0,-34.85,12.0,3.0,0.04,180.0
42.919,179.73,180.0,-28.91,12.0,3.0,0.04,180.0
43.058,179.5,180.0,-25.08,12.0,3.0,0.04,180.0
43.124,179.81,180.0,-29.86,12.0,3.0,0.04,180.0
43.229,179.65,180.0,-25.51,12.0,3.0,0.04,180.0
43.32,179.38,180.0,-20.47,12.0,3.0,0.04,180.0
43.419,178.86,180.0,-7.54,12.0,3.0,0.04,180.0
43.52,177.7,180.0,12.94,12.0,3.0,0.04,180.0
43.619,174.4,180.0,76.34,12.0,3.0,0.04,180.0
43.72,175.75,180.0,47.11,12.0,3.0,0.04,180.0
43.82,179.62,180.0,13.54,12.0,3.0,0.04,180.0
43.92,179.46,180.0,31.15,12.0,3.0,0.04,180.0
44.049,178.98,180.0,36.11,12.0,3.0,0.04,180.0
44.151,180.1,180.0,24.74,12.0,3.0,0.04,180.0
44.254,180.06,180.0,27.73,12.0,3.0,0.04,180.0
44.356,179.92,180.0,27.78,12.0,3.0,0.04,180.0
44.459,180.45,180.0,18.24,12.0,3.0,0.04,180.0
44.56,180.84,180.0,14.6,12.0,3.0,0.04,180.0
44.663,181.33,180.0,2.5,12.0,3.0,0.04,180.0
44.719,183.14,180.0,-32.71,12.0,3.0,0.04,180.0
44.82,186.23,180.0,-76.84,12.0,3.0,0.04,180.0
44.92,182.8,180.0,-37.62,12.0,3.0,0.04,180.0
45.02,180.08,180.0,-23.48,12.0,3.0,0.04,180.0
45.12,180.87,180.0,-41.25,12.0,3.0,0.04,180.0
45.22,181.11,180.0,-42.97,12.0,3.0,0.04,180.0
45.32,180.41,180.0,-35.75,12.0,3.0,0.04,180.0
45.42,179.61,180.0,-28.06,12.0,3.0,0.04,180.0
45.52,179.65,180.0,-27.76,12.0,3.0,0.04,180.0
45.621,180.11,180.0,-34.79,12.0,3.0,0.04,180.0
45.72,179.59,180.0,-23.09,12.0,3.0,0.04,180.0
45.82,179.3,180.0,-20.61,12.0,3.0,0.04,180.0
45.921,179.36,180.0,-20.02,12.0,3.0,0.04,180.0
46.02,179.42,180.0,-20.41,12.0,3.0,0.04,180.0
46.12,178.36,180.0,2.27,12.0,3.0,0.04,180.0
46.22,175.63,180.0,51.45,12.0,3.0,0.04,180.0
46.32,174.19,180.0,68.43,12.0,3.0,0.04,180.0
46.419,179.21,180.0,17.3,12.0,3.0,0.04,180.0
46.608,179.6,180.0,29.21,12.0,3.0,0.04,180.0
46.625,178.37,180.0,46.34,12.0,3.0,0.04,180.0
46.72,179.75,180.0,25.61,12.0,3.0,0.04,180.0
46.916,180.35,180.0,24.03,12.0,3.0,0.04,180.0
46.919,179.85,180.0,29.78,12.0,3.0,0.04,180.0
47.021,180.22,180.0,27.63,12.0,3.0,0.04,180.0
47.12,180.43,180.0,24.11,12.0,3.0,0.04,180.0
47.22,180.45,180.0,21.2,12.0,3.0,0.04,180.0
47.32,180.42,180.0,19.12,12.0,3.0,0.04,180.0
47.42,180.9,180.0,9.53,12.0,3.0,0.04,180.0
47.521,182.52,180.0,-20.28,12.0,3.0,0.04,180.0
47.62,186.48,180.0,-85.55,12.0,3.0,0.04,180.0
47.72,183.85,180.0,-46.9,12.0,3.0,0.04,180.0
47.82,180.05,180.0,-17.24,12.0,3.0,0.04,180.0
47.92,180.75,180.0,-44.45,12.0,3.0,0.04,180.0
48.022,181.71,180.0,-52.16,12.0,3.0,0.04,180.0
48.12,180.44,180.0,-35.15,12.0,3.0,0.04,180.0
48.22,179.28,180.0,-27.62,12.0,3.0,0.04,180.0
48.319,180.11,180.0,-40.46,12.0,3.0,0.04,180.0
48.421,180.17,180.0,-35.42,12.0,3.0,0.04,180.0
48.582,179.44,180.0,-24.02,12.0,3.0,0.04,180.0
48.781,179.33,180.0,-24.58,12.0,3.0,0.04,180.0
49.325,173.87,180.0,84.94,12.0,3.0,0.04,180.0
49.325,176.16,180.0,41.98,12.0,3.0,0.04,180.0
49.621,179.05,180.0,36.78,12.0,3.0,0.04,180.0
49.621,178.62,180.0,39.99,12.0,3.0,0.04,180.0
49.72,180.05,180.0,24.87,12.0,3.0,0.04,180.0
49.819,180.12,180.0,29.87,12.0,3.0,0.04,180.0
49.92,179.87,180.0,27.95,12.0,3.0,0.04,180.0
50.02,180.01,180.0,28.21,12.0,3.0,0.04,180.0
50.12,180.22,180.0,24.02,12.0,3.0,0.04,180.0
50.219,180.25,180.0,25.8,12.0,3.0,0.04,180.0
50.32,180.49,180.0,19.94,12.0,3.0,0.04,180.0
50.421,180.74,180.0,13.52,12.0,3.0,0.04,180.0
50.52,181.06,180.0,6.21,12.0,3.0,0.04,180.0
50.911,182.84,180.0,-26.85,12.0,3.0,0.04,180.0
50.911,186.82,180.0,-95.74,12.0,3.0,0.04,180.0
50.911,183.66,180.0,-47.92,12.0,3.0,0.04,180.0
50.931,180.08,180.0,-23.12,12.0,3.0,0.04,180.0
51.02,180.34,180.0,-36.63,12.0,3.0,0.04,180.0
51.571,180.97,180.0,-43.06,12.0,3.0,0.04,180.0
51.603,180.03,180.0,-31.37,12.0,3.0,0.04,180.0
52.233,178.72,180.0,-3.98,12.0,3.0,0.04,180.0
52.234,176.61,180.0,34.4,12.0,3.0,0.04,180.0
52.256,173.68,180.0,74.64,12.0,3.0,0.04,180.0
52.32,177.96,180.0,25.31,12.0,3.0,0.04,180.0
52.43,180.29,180.0,15.73,12.0,3.0,0.04,180.0
52.521,178.49,180.0,46.8,12.0,3.0,0.04,180.0
52.62,179.16,180.0,31.53,12.0,3.0,0.04,180.0
52.719,180.37,180.0,22.44,12.0,3.0,0.04,180.0
52.856,179.83,180.0,28.84,12.0,3.0,0.04,180.0
52.958,179.89,180.0,26.98,12.0,3.0,0.04,180.0
53.06,180.33,180.0,24.82,12.0,3.0,0.04,180.0
53.162,180.11,180.0,30.17,12.0,3.0,0.04,180.0
53.367,179.96,180.0,28.52,12.0,3.0,0.04,180.0
53.369,180.24,180.0,22.31,12.0,3.0,0.04,180.0
53.421,180.62,180.0,13.73,12.0,3.0,0.04,180.0
53.675,181.49,180.0,-0.1,12.0,3.0,0.04,180.0
53.675,183.91,180.0,-43.58,12.0,3.0,0.04,180.0
53.721,186.52,180.0,-81.03,12.0,3.0,0.04,180.0
53.82,182.15,180.0,-32.34,12.0,3.0,0.04,180.0
53.92,179.7,180.0,-20.35,12.0,3.0,0.04,180.0
54.021,180.97,180.0,-43.91,12.0,3.0,0.04,180.0
54.12,181.14,180.0,-42.91,12.0,3.0,0.04,180.0
54.221,179.93,180.0,-28.78,12.0,3.0,0.04,180.0
54.321,179.62,180.0,-27.98,12.0,3.0,0.04,180.0
54.422,179.98,180.0,-32.71,12.0,3.0,0.04,180.0
54.521,179.76,180.0,-28.32,12.0,3.0,0.04,180.0
54.621,179.27,180.0,-18.93,12.0,3.0,0.04,180.0
54.752,179.46,180.0,-21.81,12.0,3.0,0.04,180.0
55.021,178.99,180.0,-7.71,12.0,3.0,0.04,180.0
55.022,177.16,180.0,24.81,12.0,3.0,0.04,180.0
55.121,174.42,180.0,68.15,12.0,3.0,0.04,180.0
55.221,177.47,180.0,29.37,12.0,3.0,0.04,180.0
55.321,179.49,180.0,25.18,12.0,3.0,0.04,180.0
55.518,178.69,180.0,41.53,12.0,3.0,0.04,180.0
55.52,179.28,180.0,28.86,12.0,3.0,0.04,180.0
55.624,180.14,180.0,22.37,12.0,3.0,0.04,180.0
55.721,179.93,180.0,30.03,12.0,3.0,0.04,180.0
55.86,179.92,180.0,26.42,12.0,3.0,0.04,180.0
55.922,180.31,180.0,23.98,12.0,3.0,0.04,180.0
56.025,180.28,180.0,22.92,12.0,3.0,0.04,180.0
56.121,180.32,180.0,20.64,12.0,3.0,0.04,180.0
56.221,180.26,180.0,23.28,12.0,3.0,0.04,180.0
56.321,180.31,180.0,17.73,12.0,3.0,0.04,180.0
56.422,180.37,180.0,15.5,12.0,3.0,0.04,180.0
56.521,180.44,180.0,16.22,12.0,3.0,0.04,180.0
56.621,180.87,180.0,7.0,12.0,3.0,0.04,180.0
56.721,181.8,180.0,-10.62,12.0,3.0,0.04,180.0
56.821,184.4,180.0,-61.37,12.0,3.0,0.04,180.0
56.921,185.14,180.0,-67.87,12.0,3.0,0.04,180.0
57.021,181.0,180.0,-21.66,12.0,3.0,0.04,180.0
57.141,179.44,180.0,-18.69,12.0,3.0,0.04,180.0
57.22,180.92,180.0,-43.52,12.0,3.0,0.04,180.0
57.361,180.78,180.0,-38.04,12.0,3.0,0.04,180.0
57.464,179.71,180.0,-24.82,12.0,3.0,0.04,180.0
57.52,179.58,180.0,-23.51,12.0,3.0,0.04,180.0
57.621,179.35,180.0,-19.7,12.0,3.0,0.04,180.0
57.721,179.02,180.0,-9.45,12.0,3.0,0.04,180.0
57.821,177.76,180.0,12.34,12.0,3.0,0.04,180.0
57.92,174.69,180.0,69.43,12.0,3.0,0.04,180.0
58.02,175.4,180.0,45.87,12.0,3.0,0.04,180.0
58.121,179.98,180.0,8.56,12.0,3.0,0.04,180.0
58.221,179.55,180.0,34.17,12.0,3.0,0.04,180.0
58.322,178.59,180.0,43.24,12.0,3.0,0.04,180.0
58.421,180.0,180.0,21.49,12.0,3.0,0.04,180.0
58.521,180.47,180.0,21.3,12.0,3.0,0.04,180.0
58.621,179.88,180.0,27.41,12.0,3.0,0.04,180.0
58.72,180.2,180.0,19.43,12.0,3.0,0.04,180.0
58.821,180.51,180.0,19.54,12.0,3.0,0.04,180.0
58.92,180.44,180.0,17.01,12.0,3.0,0.04,180.0
59.021,181.81,180.0,-12.31,12.0,3.0,0.04,180.0
59.12,185.74,180.0,-81.26,12.0,3.0,0.04,180.0
59.22,186.14,180.0,-72.97,12.0,3.0,0.04,180.0
59.41,181.98,180.0,-37.16,12.0,3.0,0.04,180.0
59.426,180.15,180.0,-32.25,12.0,3.0,0.04,180.0
59.613,180.77,180.0,-44.37,12.0,3.0,0.04,180.0
59.627,181.15,180.0,-48.6,12.0,3.0,0.04,180.0
59.819,179.58,180.0,-28.45,12.0,3.0,0.04,180.0
59.822,189.87,180.0,-65.02,12.0,3.0,0.04,180.0
59.92,206.34,180.0,-255.0,12.0,3.0,0.04,180.0
60.022,239.93,180.0,-255.0,12.0,3.0,0.04,180.0
